{"experience": 0.0022951572182694515, "accuracy": 0.16666666666666666, "confidence": 0.9663835972764134}