{"experience": 0.0022951572182694515, "accuracy": 1.0, "confidence": 5.63305026394308}