{"experience": 0.7281442593015293, "accuracy": 0.41666666666666663, "confidence": 12.818610667275355}