{"experience": 1.505032021957914, "accuracy": 1.0, "confidence": 27.272461116193966}