{"experience": 0.13513513513513514, "accuracy": 0.6666666666666666, "confidence": 5.679279279279279}