{"experience": 1.866879416457716, "accuracy": 0.7777777777777777, "confidence": 31.238619152546665}