{"experience": 0.40027447392497717, "accuracy": 0.8, "confidence": 10.243952424519671}