{"experience": 2.129208371246588, "accuracy": 0.08333333333333333, "confidence": 31.127267212617532}