{"experience": 4.314350797266514, "accuracy": 0.2222222222222222, "confidence": 63.371095925082244}